id,text,annotations
WSL_0669,My landlord made lewd comments about my body.,"landlord -> PERP_REL [3,11] | lewd comments -> EVIDENCE [17,30]"
WSL_0057,A former colleague has been parking outside my workplace every evening.,"former colleague -> PERP_REL [2,18] | workplace -> LOCATION [47,56] | every evening -> TIME_FREQ [57,70]"
WSL_0852,A man I rejected tracks my location constantly and also created a fake profile to message me.,"constantly -> TIME_FREQ [36,46] | fake profile -> PLATFORM [66,78] | message -> PLATFORM [82,89]"
WSL_0896,My community sent moneylenders to threaten me for repayment.,"community -> PERP_REL [3,12] | moneylenders -> PERP_REL [18,30]"
WSL_0723,My ex-partner is threatening to post my private photos online.,"ex-partner -> PERP_REL [3,13] | threatening to post -> EVIDENCE [17,36] | private photos -> EVIDENCE [40,54] | online -> PLATFORM [55,61]"
WSL_0087,A local group forced me into an early marriage.,"local group -> PERP_REL [2,13]"
WSL_0835,A relative at a family function made suggestive comments while collecting money.,"relative -> PERP_REL [2,10] | family function -> LOCATION [16,31] | suggestive comments -> EVIDENCE [37,56]"
WSL_0937,A man on the bus touched me inappropriately and acted like nothing happened.,"bus -> LOCATION [13,16] | touched me inappropriately -> EVIDENCE [17,43]"
WSL_0689,My in-laws grabbed me by the hair and hit my head against the wall. It has gotten worse in the last few months.,"in-laws -> PERP_REL [3,10] | grabbed me by the hair -> EVIDENCE [11,33] | hit my head against the wall -> EVIDENCE [38,66] | in the last few months -> TIME_FREQ [88,110]"
WSL_0335,A rickshaw driver exposed himself to me in public.,"rickshaw driver -> PERP_REL [2,17] | exposed himself -> EVIDENCE [18,33]"
WSL_0399,My mother-in-law pushes and shoves me during every argument. It happens almost every week.,"mother-in-law -> PERP_REL [3,16] | pushes and shoves me -> EVIDENCE [17,37] | every argument -> TIME_FREQ [45,59] | almost every week -> TIME_FREQ [72,89]"
WSL_0140,My husband and his mother restricts me from speaking to my friends. It has gotten worse in the last few months.,"husband -> PERP_REL [3,10] | in the last few months -> TIME_FREQ [88,110]"
WSL_0468,A man I rejected on a matrimonial site left notes on my car every day for two weeks.,"matrimonial site -> PLATFORM [22,38] | notes on my car -> EVIDENCE [44,59] | every day -> TIME_FREQ [60,69] | for two weeks -> TIME_FREQ [70,83]"
WSL_0935,My landlord tried to start inappropriate conversations repeatedly.,"landlord -> PERP_REL [3,11] | repeatedly -> TIME_FREQ [55,65]"
WSL_0594,My husband threatened to kill me if I told my parents. I am scared to go home most days now.,"husband -> PERP_REL [3,10] | threatened to kill me -> EVIDENCE [11,32] | parents -> PERP_REL [46,53] | home -> LOCATION [73,77] | most days -> TIME_FREQ [78,87]"
WSL_0970,My ex-boyfriend has started waiting outside my apartment building.,"ex-boyfriend -> PERP_REL [3,15] | apartment building -> LOCATION [47,65]"
WSL_0097,My community forced me into an early marriage.,"community -> PERP_REL [3,12]"
WSL_0486,A man from my building waits outside my house every morning.,"building -> LOCATION [14,22] | house -> LOCATION [40,45] | every morning -> TIME_FREQ [46,59]"
WSL_0219,My husband controls my finances and beats me and is blackmailing me with our private videos.,"husband -> PERP_REL [3,10] | beats me -> EVIDENCE [36,44] | blackmailing me -> EVIDENCE [52,67] | private videos -> EVIDENCE [77,91]"
WSL_0345,My brother-in-law keeps demanding more dowry from my parents. I am scared to go home most days now.,"brother-in-law -> PERP_REL [3,17] | parents -> PERP_REL [53,60] | home -> LOCATION [80,84] | most days -> TIME_FREQ [85,94]"
WSL_0596,An anonymous account leaked my private photos online.,"leaked my private photos -> EVIDENCE [21,45] | online -> PLATFORM [46,52]"
WSL_0363,A man from my building left notes on my car every day for two weeks.,"building -> LOCATION [14,22] | notes on my car -> EVIDENCE [28,43] | every day -> TIME_FREQ [44,53] | for two weeks -> TIME_FREQ [54,67]"
WSL_0360,My in-laws are threatening me over a property dispute.,"in-laws -> PERP_REL [3,10]"
WSL_0334,A man on the bus catcalled and followed me for several blocks.,"bus -> LOCATION [13,16] | catcalled -> EVIDENCE [17,26] | for several blocks -> TIME_FREQ [43,61]"
WSL_0266,A delivery man touched me inappropriately and acted like nothing happened.,"delivery man -> PERP_REL [2,14] | touched me inappropriately -> EVIDENCE [15,41]"
WSL_0750,My in-laws humiliates me in front of guests every time they visit. It has gotten worse in the last few months.,"in-laws -> PERP_REL [3,10] | every time -> TIME_FREQ [44,54] | in the last few months -> TIME_FREQ [87,109]"
WSL_0089,My in-laws physically abuse me regularly and are threatening my life over property.,"in-laws -> PERP_REL [3,10] | physically abuse me -> EVIDENCE [11,30] | regularly -> TIME_FREQ [31,40] | threatening my life -> EVIDENCE [49,68]"
WSL_0735,My husband and his mother pushed me down the stairs during a fight. I am scared to go home most days now.,"husband -> PERP_REL [3,10] | pushed me down the stairs -> EVIDENCE [26,51] | home -> LOCATION [86,90] | most days -> TIME_FREQ [91,100]"
WSL_0071,My father-in-law pushed me down the stairs during a fight. This has been going on for over a year.,"father-in-law -> PERP_REL [3,16] | pushed me down the stairs -> EVIDENCE [17,42] | This has been going on for over a year -> TIME_FREQ [59,97]"
WSL_0712,My father-in-law keeps demanding more dowry from my parents. This started right after our marriage.,"father-in-law -> PERP_REL [3,16] | parents -> PERP_REL [52,59] | right after our marriage -> TIME_FREQ [74,98]"
WSL_0969,My team lead keeps making sexual jokes and excludes me from meetings when I object.,"team lead -> PERP_REL [3,12] | sexual jokes -> EVIDENCE [26,38]"
WSL_1012,My in-laws treat me like a servant and hit me whenever they feel the housework isn't done to their standard.,"in-laws -> PERP_REL [3,10] | hit me -> EVIDENCE [39,45] | house -> LOCATION [69,74] | work -> LOCATION [74,78]"
WSL_0299,My in-laws are threatening my life over an inheritance dispute.,"in-laws -> PERP_REL [3,10] | threatening my life -> EVIDENCE [15,34]"
WSL_1069,"My parents have been trying to force me into a marriage arrangement, and when I refused, they threatened to cut off all contact and support.","parents -> PERP_REL [3,10]"
WSL_0498,An anonymous account made lewd comments about me publicly online and knows personal details about me.,"lewd comments -> EVIDENCE [26,39] | online -> PLATFORM [58,64]"
WSL_0052,Someone from college leaked my private photos online.,"college -> LOCATION [13,20] | leaked my private photos -> EVIDENCE [21,45] | online -> PLATFORM [46,52]"
WSL_0945,My supervisor hinted that my promotion depends on personal favors.,"supervisor -> PERP_REL [3,13]"
WSL_0758,A classmate keeps calling me from different numbers.,"classmate -> PERP_REL [2,11]"
WSL_1064,"Since I turned down my supervisor's advances, I've noticed I'm being deliberately excluded from important projects.","supervisor -> PERP_REL [23,33]"
WSL_0561,My husband's family broke my arm last year during a fight. It has gotten worse in the last few months.,"husband's family -> PERP_REL [3,19] | broke my arm -> EVIDENCE [20,32] | last year -> TIME_FREQ [33,42] | in the last few months -> TIME_FREQ [79,101]"
WSL_0800,My brother-in-law restricts me from speaking to my friends. It happens almost every week.,"brother-in-law -> PERP_REL [3,17] | almost every week -> TIME_FREQ [71,88]"
WSL_0102,My father-in-law took my salary and gives me no money. It happens almost every week.,"father-in-law -> PERP_REL [3,16] | took my salary -> EVIDENCE [17,31] | almost every week -> TIME_FREQ [66,83]"
WSL_0606,Someone from my past sends me sexually explicit messages and also threatened to find where I live.,"sexually explicit messages -> EVIDENCE [30,56] | threatened to find where I live -> EVIDENCE [66,97]"
WSL_0725,A vendor at work keeps asking me to stay back late alone with him.,"vendor -> PERP_REL [2,8] | work -> LOCATION [12,16]"
WSL_0480,My landlord tried to corner me and touch me against my will.,"landlord -> PERP_REL [3,11] | tried to corner me -> EVIDENCE [12,30]"
WSL_0863,A man I rejected hacked my email to message my contacts inappropriately.,"email -> PLATFORM [27,32] | message -> PLATFORM [36,43]"
WSL_0221,A senior colleague makes sexual jokes directed at me in front of the team.,"senior colleague -> PERP_REL [2,18] | sexual jokes -> EVIDENCE [25,37]"
WSL_0320,My manager shared inappropriate content about me in the team group chat.,"manager -> PERP_REL [3,10] | inappropriate content -> EVIDENCE [18,39] | group chat -> PLATFORM [61,71]"
WSL_0310,An anonymous account is sending me rape threats through anonymous accounts.,"rape threats -> EVIDENCE [35,47] | anonymous accounts -> PLATFORM [56,74]"
WSL_0539,My husband's family humiliates me in front of guests every time they visit. This has been going on for over a year.,"husband's family -> PERP_REL [3,19] | every time -> TIME_FREQ [53,63] | This has been going on for over a year -> TIME_FREQ [76,114]"
WSL_0322,A guest at a party made suggestive comments while collecting money.,"party -> LOCATION [13,18] | suggestive comments -> EVIDENCE [24,43]"
WSL_0424,My husband burnt my hand during an argument. This has been going on for over a year.,"husband -> PERP_REL [3,10] | burnt my hand -> EVIDENCE [11,24] | This has been going on for over a year -> TIME_FREQ [45,83]"
WSL_0811,My father-in-law pushes and shoves me during every argument. I am scared to go home most days now.,"father-in-law -> PERP_REL [3,16] | pushes and shoves me -> EVIDENCE [17,37] | every argument -> TIME_FREQ [45,59] | home -> LOCATION [79,83] | most days -> TIME_FREQ [84,93]"
WSL_0756,My husband's family forced me to quit my job.,"husband's family -> PERP_REL [3,19]"
WSL_0761,My ex-boyfriend keeps following me from college to my bus stop every day.,"ex-boyfriend -> PERP_REL [3,15] | college -> LOCATION [40,47] | bus -> LOCATION [54,57] | every day -> TIME_FREQ [63,72]"
WSL_0698,A man I don't know keeps appearing uninvited wherever I mention I'll be.,NONE
WSL_0032,My stepfather forced me to sign over my property documents. This has been going on for over a year.,"stepfather -> PERP_REL [3,13] | property documents -> EVIDENCE [40,58] | This has been going on for over a year -> TIME_FREQ [60,98]"
WSL_0514,My family locked me in a room to stop me meeting someone.,"family -> PERP_REL [3,9] | locked me in a room -> EVIDENCE [10,29]"
WSL_0778,Someone from my past made lewd comments about me publicly online despite me blocking multiple accounts.,"lewd comments -> EVIDENCE [26,39] | online -> PLATFORM [58,64]"
WSL_0390,A stranger at the market forcibly kissed me without my consent.,"market -> LOCATION [18,24] | forcibly kissed me -> EVIDENCE [25,43]"
WSL_0478,My physiotherapist pressed himself against me deliberately in a crowd.,"physiotherapist -> PERP_REL [3,18] | pressed himself against me -> EVIDENCE [19,45] | crowd -> LOCATION [64,69]"
WSL_0395,My driving instructor made suggestive comments while collecting money.,"driving instructor -> PERP_REL [3,21] | suggestive comments -> EVIDENCE [27,46]"
WSL_0209,A relative at a family function tried to start inappropriate conversations repeatedly.,"relative -> PERP_REL [2,10] | family function -> LOCATION [16,31] | repeatedly -> TIME_FREQ [75,85]"
WSL_0287,My boss hinted that my promotion depends on personal favors.,"boss -> PERP_REL [3,7]"
WSL_1006,"Yesterday my husband threw a chair at me during an argument, and this isn't the first time something like this has happened.","Yesterday -> TIME_FREQ [0,9] | husband -> PERP_REL [13,20] | threw a chair at me -> EVIDENCE [21,40]"
WSL_0463,My father-in-law starves me for days as punishment. It happens almost every week.,"father-in-law -> PERP_REL [3,16] | starves me for days -> EVIDENCE [17,36] | almost every week -> TIME_FREQ [63,80]"
WSL_0476,My family are threatening my life over an inheritance dispute.,"family -> PERP_REL [3,9] | threatening my life -> EVIDENCE [14,33]"
WSL_1000,My community are threatening honor-based violence over my marriage choice.,"community -> PERP_REL [3,12]"
WSL_0114,A man from my building keeps calling me from different numbers.,"building -> LOCATION [14,22]"
WSL_0829,Someone hacked my email to message my contacts inappropriately.,"email -> PLATFORM [18,23] | message -> PLATFORM [27,34]"
WSL_0179,A stranger online created a fake profile using my photos to message my friends.,"online -> PLATFORM [11,17] | fake profile -> PLATFORM [28,40] | message -> PLATFORM [60,67]"
WSL_0487,My ex-partner is sending me rape threats through anonymous accounts.,"ex-partner -> PERP_REL [3,13] | rape threats -> EVIDENCE [28,40] | anonymous accounts -> PLATFORM [49,67]"
WSL_1081,"My in-laws have been physically abusive since my husband passed away, and they're now also threatening to take away my inheritance.","in-laws -> PERP_REL [3,10] | physically abusive -> EVIDENCE [21,39] | husband -> PERP_REL [49,56]"
WSL_0824,A man I matched with online leaked my private photos online.,"online -> PLATFORM [21,27] | leaked my private photos -> EVIDENCE [28,52] | online -> PLATFORM [53,59]"
WSL_0842,Someone I rejected online keeps appearing uninvited wherever I mention I'll be.,"online -> PLATFORM [19,25]"
WSL_0914,A man I rejected on a matrimonial site keeps messaging me obsessively despite being blocked.,"matrimonial site -> PLATFORM [22,38] | obsessively -> TIME_FREQ [58,69]"
WSL_0437,A man I rejected is sending me rape threats through anonymous accounts.,"rape threats -> EVIDENCE [31,43] | anonymous accounts -> PLATFORM [52,70]"
WSL_0702,A man in the metro touched me inappropriately and acted like nothing happened.,"metro -> LOCATION [13,18] | touched me inappropriately -> EVIDENCE [19,45]"
WSL_0936,A man on the street touched me inappropriately and acted like nothing happened.,"street -> LOCATION [13,19] | touched me inappropriately -> EVIDENCE [20,46]"
WSL_1003,I don't know what to do anymore — my husband hit me so hard last night that I could barely stand.,"husband -> PERP_REL [37,44] | hit me -> EVIDENCE [45,51] | last night -> TIME_FREQ [60,70]"
WSL_0108,My community tried to forcibly take me away from a public place.,"community -> PERP_REL [3,12] | public place -> LOCATION [51,63]"
WSL_1004,"Ever since I lost my job, my husband has become more controlling and hits me over the smallest things.","husband -> PERP_REL [29,36] | hits me -> EVIDENCE [69,76]"
WSL_0159,A client keeps commenting on my appearance during meetings.,"client -> PERP_REL [2,8]"
WSL_0540,My father-in-law forced me to sign over my property documents. This has been going on for over a year.,"father-in-law -> PERP_REL [3,16] | property documents -> EVIDENCE [43,61] | This has been going on for over a year -> TIME_FREQ [63,101]"
WSL_0276,An anonymous account made lewd comments about me publicly online and also threatened to find where I live.,"lewd comments -> EVIDENCE [26,39] | online -> PLATFORM [58,64] | threatened to find where I live -> EVIDENCE [74,105]"
WSL_0921,A client denied me a raise after I rejected his advances.,"client -> PERP_REL [2,8]"
WSL_0890,A senior executive sends me inappropriate messages on our work chat.,"senior executive -> PERP_REL [2,18] | inappropriate messages -> EVIDENCE [28,50] | work chat -> PLATFORM [58,67]"
WSL_0520,My father-in-law hits me whenever he comes home drunk. I am scared to go home most days now.,"father-in-law -> PERP_REL [3,16] | hits me -> EVIDENCE [17,24] | home -> LOCATION [43,47] | home -> LOCATION [73,77] | most days -> TIME_FREQ [78,87]"
WSL_0708,A guest at a party made inappropriate comments during a private session.,"party -> LOCATION [13,18] | inappropriate comments -> EVIDENCE [24,46]"
WSL_0060,My manager touched me without consent and threatens my job when I complain.,"manager -> PERP_REL [3,10] | touched me without consent -> EVIDENCE [11,37]"
WSL_0142,My manager makes inappropriate comments about my appearance and excludes me from meetings when I object.,"manager -> PERP_REL [3,10] | inappropriate comments -> EVIDENCE [17,39]"
WSL_0291,A man from my building keeps messaging me obsessively despite being blocked.,"building -> LOCATION [14,22] | obsessively -> TIME_FREQ [42,53]"
WSL_0977,A senior executive keeps making comments implying I should be friendlier.,"senior executive -> PERP_REL [2,18]"
WSL_0448,A coworker made inappropriate physical contact during training.,"coworker -> PERP_REL [2,10] | made inappropriate physical contact -> EVIDENCE [11,46] | train -> LOCATION [54,59]"
WSL_1008,My father-in-law shouted at me and hit me on the head when I couldn't finish the housework on time.,"father-in-law -> PERP_REL [3,16] | hit me on the head -> EVIDENCE [35,53] | house -> LOCATION [81,86] | work -> LOCATION [86,90]"
WSL_0888,My in-laws tried to forcibly take me away from a public place.,"in-laws -> PERP_REL [3,10] | public place -> LOCATION [49,61]"
WSL_0024,My team lead makes inappropriate comments about my appearance and excludes me from meetings when I object.,"team lead -> PERP_REL [3,12] | inappropriate comments -> EVIDENCE [19,41]"
WSL_1040,"He somehow always knows where I am, even places I haven't posted about online — I think he's been tracking me somehow.","online -> PLATFORM [71,77]"
WSL_0741,My relatives tried to forcibly take me away from a public place.,"relatives -> PERP_REL [3,12] | public place -> LOCATION [51,63]"
WSL_0515,My husband's family have been cruel to me since marriage and are threatening my life over property.,"husband's family -> PERP_REL [3,19] | since marriage -> TIME_FREQ [42,56] | threatening my life -> EVIDENCE [65,84]"
WSL_0199,A man I don't know keeps messaging me obsessively despite being blocked.,"obsessively -> TIME_FREQ [38,49]"
WSL_0537,Someone is posting fake defamatory comments about me publicly.,"fake defamatory comments -> EVIDENCE [19,43]"
WSL_0697,My in-laws slaps me in front of the children.,"in-laws -> PERP_REL [3,10] | slaps me -> EVIDENCE [11,19]"
WSL_0928,My ex-boyfriend keeps sending me abusive explicit messages.,"ex-boyfriend -> PERP_REL [3,15] | abusive explicit messages -> EVIDENCE [33,58]"
WSL_0452,My team lead makes sexual jokes directed at me in front of the team.,"team lead -> PERP_REL [3,12] | sexual jokes -> EVIDENCE [19,31]"
WSL_0084,My neighbor appears at my gym at the exact same time every day.,"neighbor -> PERP_REL [3,11] | gym -> LOCATION [26,29] | exact same time every day -> TIME_FREQ [37,62]"
WSL_0110,My team lead hinted that my promotion depends on personal favors.,"team lead -> PERP_REL [3,12]"
WSL_0768,A rickshaw driver kept staring and making explicit comments.,"rickshaw driver -> PERP_REL [2,17] | explicit comments -> EVIDENCE [42,59]"
WSL_0193,My neighbor watches my house through his window constantly.,"neighbor -> PERP_REL [3,11] | house -> LOCATION [23,28] | constantly -> TIME_FREQ [48,58]"
WSL_0915,An anonymous account hacked my email to message my contacts inappropriately.,"email -> PLATFORM [31,36] | message -> PLATFORM [40,47]"
WSL_0454,My stepfather throws things at me during arguments. This started right after our marriage.,"stepfather -> PERP_REL [3,13] | throws things at me -> EVIDENCE [14,33] | right after our marriage -> TIME_FREQ [65,89]"
WSL_0232,A vendor at work threatened a bad review if I didn't meet him outside work.,"vendor -> PERP_REL [2,8] | work -> LOCATION [12,16] | work -> LOCATION [70,74]"
WSL_0347,Someone from college is threatening to post my private photos online.,"college -> LOCATION [13,20] | threatening to post -> EVIDENCE [24,43] | private photos -> EVIDENCE [47,61] | online -> PLATFORM [62,68]"
WSL_0479,A delivery man tried to start inappropriate conversations repeatedly.,"delivery man -> PERP_REL [2,14] | repeatedly -> TIME_FREQ [58,68]"
WSL_0378,Someone from college keeps sending me threatening messages after I stopped replying.,"college -> LOCATION [13,20] | threatening messages -> EVIDENCE [38,58]"
WSL_0050,My relatives locked me in a room to stop me meeting someone.,"relatives -> PERP_REL [3,12] | locked me in a room -> EVIDENCE [13,32]"
WSL_0211,My manager keeps commenting on my appearance during meetings.,"manager -> PERP_REL [3,10]"
WSL_0356,My mother-in-law verbally abuses me daily in front of relatives. It happens almost every week.,"mother-in-law -> PERP_REL [3,16] | bus -> LOCATION [27,30] | daily -> TIME_FREQ [36,41] | relatives -> PERP_REL [54,63] | almost every week -> TIME_FREQ [76,93]"
WSL_0619,A classmate tracks my location through mutual friends.,"classmate -> PERP_REL [2,11]"
WSL_0210,My ex-partner is spreading false rumors about me in group chats.,"ex-partner -> PERP_REL [3,13] | false rumors about me -> EVIDENCE [27,48] | group chat -> PLATFORM [52,62]"
WSL_0077,A local group sent moneylenders to threaten me for repayment.,"local group -> PERP_REL [2,13] | moneylenders -> PERP_REL [19,31]"
WSL_0600,My physiotherapist touched me inappropriately and acted like nothing happened.,"physiotherapist -> PERP_REL [3,18] | touched me inappropriately -> EVIDENCE [19,45]"
WSL_0011,My in-laws have been cruel to me since marriage and have threatened my family over an inheritance dispute.,"in-laws -> PERP_REL [3,10] | since marriage -> TIME_FREQ [33,47] | family -> PERP_REL [71,77]"
WSL_0952,My team lead touched me without consent in front of the entire team.,"team lead -> PERP_REL [3,12] | touched me without consent -> EVIDENCE [13,39]"
WSL_0787,Someone from my past sent me obscene images repeatedly and also threatened to find where I live.,"obscene images -> EVIDENCE [29,43] | repeatedly -> TIME_FREQ [44,54] | threatened to find where I live -> EVIDENCE [64,95]"
WSL_0337,A senior at college made lewd comments about my body.,"college -> LOCATION [12,19] | lewd comments -> EVIDENCE [25,38]"
WSL_0307,A delivery man forcibly kissed me without my consent.,"delivery man -> PERP_REL [2,14] | forcibly kissed me -> EVIDENCE [15,33]"
WSL_0586,My former colleague is threatening to post my private photos online.,"former colleague -> PERP_REL [3,19] | threatening to post -> EVIDENCE [23,42] | private photos -> EVIDENCE [46,60] | online -> PLATFORM [61,67]"
WSL_0627,My physiotherapist touched my hand inappropriately during a session.,"physiotherapist -> PERP_REL [3,18] | touched my hand inappropriately -> EVIDENCE [19,50]"
WSL_0909,My boss cornered me in the pantry inappropriately.,"boss -> PERP_REL [3,7] | cornered me -> EVIDENCE [8,19] | pantry -> LOCATION [27,33]"
WSL_0421,My driving instructor made lewd comments about my body.,"driving instructor -> PERP_REL [3,21] | lewd comments -> EVIDENCE [27,40]"
WSL_0428,A delivery man kept staring and making explicit comments.,"delivery man -> PERP_REL [2,14] | explicit comments -> EVIDENCE [39,56]"
WSL_1078,"A senior colleague made inappropriate comments about my appearance for months, and when I complained, my manager quietly reduced my responsibilities.","senior colleague -> PERP_REL [2,18] | inappropriate comments -> EVIDENCE [24,46] | for months -> TIME_FREQ [67,77] | manager -> PERP_REL [105,112]"
WSL_0612,My manager makes sexual jokes directed at me in front of the team.,"manager -> PERP_REL [3,10] | sexual jokes -> EVIDENCE [17,29]"
WSL_0500,A delivery man catcalled and followed me for several blocks.,"delivery man -> PERP_REL [2,14] | catcalled -> EVIDENCE [15,24] | for several blocks -> TIME_FREQ [41,59]"
WSL_0576,My manager hinted that my promotion depends on personal favors.,"manager -> PERP_REL [3,10]"
WSL_0645,My neighbor touched my hand inappropriately during a session.,"neighbor -> PERP_REL [3,11] | touched my hand inappropriately -> EVIDENCE [12,43]"
WSL_0569,My ex-boyfriend keeps sending me threatening messages after I stopped replying.,"ex-boyfriend -> PERP_REL [3,15] | threatening messages -> EVIDENCE [33,53]"
WSL_0508,A relative at a family function groped me and disappeared into the crowd.,"relative -> PERP_REL [2,10] | family function -> LOCATION [16,31] | groped me -> EVIDENCE [32,41] | crowd -> LOCATION [67,72]"
WSL_1031,My apartment complex's plumber made an inappropriate comment about my appearance and refused to leave when I asked him to.,"apartment -> LOCATION [3,12] | plumber -> PERP_REL [23,30]"
WSL_0429,A man I matched with online morphed my photos and circulated them in a group chat.,"online -> PLATFORM [21,27] | morphed my photos -> EVIDENCE [28,45] | group chat -> PLATFORM [71,81]"
WSL_0705,My landlord's men are pressuring me into a marriage I don't want.,"landlord -> PERP_REL [3,11]"
WSL_0271,A senior at college tried to touch me before I managed to get away.,"college -> LOCATION [12,19] | tried to touch me -> EVIDENCE [20,37]"
WSL_0261,My husband and his mother broke my arm last year during a fight. This started right after our marriage.,"husband -> PERP_REL [3,10] | broke my arm -> EVIDENCE [26,38] | last year -> TIME_FREQ [39,48] | right after our marriage -> TIME_FREQ [78,102]"
WSL_0887,A local group tried to forcibly take me away from a public place.,"local group -> PERP_REL [2,13] | public place -> LOCATION [52,64]"
WSL_0446,A rickshaw driver tried to start inappropriate conversations repeatedly.,"rickshaw driver -> PERP_REL [2,17] | repeatedly -> TIME_FREQ [61,71]"
WSL_0079,My ex-boyfriend leaked my private photos online.,"ex-boyfriend -> PERP_REL [3,15] | leaked my private photos -> EVIDENCE [16,40] | online -> PLATFORM [41,47]"
WSL_0821,My manager touched me without consent in front of the entire team.,"manager -> PERP_REL [3,10] | touched me without consent -> EVIDENCE [11,37]"
WSL_0815,My stepfather threatened to kill me if I told my parents.,"stepfather -> PERP_REL [3,13] | threatened to kill me -> EVIDENCE [14,35] | parents -> PERP_REL [49,56]"
WSL_0905,My neighbor catcalled and followed me for several blocks.,"neighbor -> PERP_REL [3,11] | catcalled -> EVIDENCE [12,21] | for several blocks -> TIME_FREQ [38,56]"
WSL_0175,My husband pushed me down the stairs during a fight. I am scared to go home most days now.,"husband -> PERP_REL [3,10] | pushed me down the stairs -> EVIDENCE [11,36] | home -> LOCATION [71,75] | most days -> TIME_FREQ [76,85]"
WSL_0238,My internship supervisor denied me a raise after I rejected his advances.,"internship supervisor -> PERP_REL [3,24]"
WSL_0040,A man from my building keeps appearing uninvited wherever I mention I'll be.,"building -> LOCATION [14,22]"
WSL_0031,A rickshaw driver touched my hand inappropriately during a session.,"rickshaw driver -> PERP_REL [2,17] | touched my hand inappropriately -> EVIDENCE [18,49]"
WSL_0786,A former colleague left notes on my car every day for two weeks.,"former colleague -> PERP_REL [2,18] | notes on my car -> EVIDENCE [24,39] | every day -> TIME_FREQ [40,49] | for two weeks -> TIME_FREQ [50,63]"
WSL_0137,My team lead threatened a bad review if I didn't meet him outside work.,"team lead -> PERP_REL [3,12] | work -> LOCATION [66,70]"
WSL_0055,My stepfather slaps me in front of the children. It happens almost every week.,"stepfather -> PERP_REL [3,13] | slaps me -> EVIDENCE [14,22] | almost every week -> TIME_FREQ [60,77]"
WSL_0784,A senior colleague keeps making sexual jokes in front of the entire team.,"senior colleague -> PERP_REL [2,18] | sexual jokes -> EVIDENCE [32,44]"
WSL_0278,A senior at college forced himself on me despite me saying no clearly.,"college -> LOCATION [12,19] | forced himself on me -> EVIDENCE [20,40]"
WSL_0719,My in-laws hit me with a belt over a small disagreement. This started right after our marriage.,"in-laws -> PERP_REL [3,10] | hit me with a belt -> EVIDENCE [11,29] | right after our marriage -> TIME_FREQ [70,94]"
WSL_0923,My former colleague morphed my photos and circulated them in a group chat.,"former colleague -> PERP_REL [3,19] | morphed my photos -> EVIDENCE [20,37] | group chat -> PLATFORM [63,73]"
WSL_0352,A senior colleague touched my shoulder inappropriately when alone.,"senior colleague -> PERP_REL [2,18] | touched my shoulder inappropriately -> EVIDENCE [19,54]"
WSL_0245,My supervisor sends me inappropriate messages on our work chat.,"supervisor -> PERP_REL [3,13] | inappropriate messages -> EVIDENCE [23,45] | work chat -> PLATFORM [53,62]"
WSL_0004,A former colleague waits outside my house every morning.,"former colleague -> PERP_REL [2,18] | house -> LOCATION [36,41] | every morning -> TIME_FREQ [42,55]"
WSL_0440,A stranger online is threatening to leak my chats unless I pay money.,"online -> PLATFORM [11,17] | threatening to leak -> EVIDENCE [21,40] | chats -> PLATFORM [44,49]"
WSL_0528,A senior executive hinted that my promotion depends on personal favors.,"senior executive -> PERP_REL [2,18]"
WSL_1056,Someone recorded a video call with me without my consent and has been threatening to circulate it among my colleagues.,"colleague -> PERP_REL [107,116]"
WSL_0694,My father-in-law keeps a knife in the house and threatens me with it. It has gotten worse in the last few months.,"father-in-law -> PERP_REL [3,16] | house -> LOCATION [38,43] | in the last few months -> TIME_FREQ [90,112]"
WSL_0833,My neighbor pressed himself against me deliberately in a crowd.,"neighbor -> PERP_REL [3,11] | pressed himself against me -> EVIDENCE [12,38] | crowd -> LOCATION [57,62]"
WSL_0319,My internship supervisor sends me inappropriate messages on our work chat.,"internship supervisor -> PERP_REL [3,24] | inappropriate messages -> EVIDENCE [34,56] | work chat -> PLATFORM [64,73]"
WSL_1016,"Three months into my marriage, my husband already started controlling every aspect of my life and becomes physically aggressive if I object.","Three months into my marriage -> TIME_FREQ [0,29] | husband -> PERP_REL [34,41] | physically aggressive -> EVIDENCE [106,127]"
WSL_0059,"A man from my building has been showing up at every place I go, including work.","building -> LOCATION [14,22] | every place I go, including work -> TIME_FREQ [46,78]"
WSL_0064,A guest at a party kept staring and making explicit comments.,"party -> LOCATION [13,18] | explicit comments -> EVIDENCE [43,60]"
WSL_0300,My neighbor kept staring and making explicit comments.,"neighbor -> PERP_REL [3,11] | explicit comments -> EVIDENCE [36,53]"
WSL_0351,A stranger online keeps sending me abusive explicit messages.,"online -> PLATFORM [11,17] | abusive explicit messages -> EVIDENCE [35,60]"
WSL_0101,A man in the metro made sexual comments about me in front of others.,"metro -> LOCATION [13,18] | sexual comments -> EVIDENCE [24,39]"
WSL_0169,A client hinted that my promotion depends on personal favors.,"client -> PERP_REL [2,8]"
WSL_0523,A stranger online morphed my photos and circulated them in a group chat.,"online -> PLATFORM [11,17] | morphed my photos -> EVIDENCE [18,35] | group chat -> PLATFORM [61,71]"
WSL_0343,A man I matched with on a dating app left notes on my car every day for two weeks.,"dating app -> PLATFORM [26,36] | notes on my car -> EVIDENCE [42,57] | every day -> TIME_FREQ [58,67] | for two weeks -> TIME_FREQ [68,81]"
WSL_0295,A man I rejected on a matrimonial site sits outside my house in his car watching me.,"matrimonial site -> PLATFORM [22,38] | house -> LOCATION [55,60]"
WSL_0536,My husband and his mother refuses to let me leave the house without permission. It has gotten worse in the last few months.,"husband -> PERP_REL [3,10] | house -> LOCATION [54,59] | in the last few months -> TIME_FREQ [100,122]"
WSL_0903,My supervisor shared inappropriate content about me in the team group chat.,"supervisor -> PERP_REL [3,13] | inappropriate content -> EVIDENCE [21,42] | group chat -> PLATFORM [64,74]"
WSL_0200,My ex tracks my location constantly and now sends me threatening messages online.,"constantly -> TIME_FREQ [25,35] | threatening messages -> EVIDENCE [53,73] | online -> PLATFORM [74,80]"
WSL_0592,Someone from college is spreading false rumors about me in group chats.,"college -> LOCATION [13,20] | false rumors about me -> EVIDENCE [34,55] | group chat -> PLATFORM [59,69]"
WSL_0674,My husband's family restricts me from speaking to my friends.,"husband's family -> PERP_REL [3,19]"
WSL_0389,"A classmate has been showing up at every place I go, including work.","classmate -> PERP_REL [2,11] | every place I go, including work -> TIME_FREQ [35,67]"
WSL_0368,Someone I rejected online has started waiting outside my apartment building.,"online -> PLATFORM [19,25] | apartment building -> LOCATION [57,75]"
WSL_1053,"A person claiming to have compromising photos of me has been demanding money to not release them, though I don't recall these photos existing.","compromising photos -> EVIDENCE [26,45]"
WSL_0067,A stranger online tracks my location constantly and posted my photos without consent.,"online -> PLATFORM [11,17] | constantly -> TIME_FREQ [37,47] | posted my photos -> EVIDENCE [52,68]"
WSL_0324,A man I matched with on a dating app keeps appearing uninvited wherever I mention I'll be.,"dating app -> PLATFORM [26,36]"
WSL_0068,A stranger online sends me sexually explicit messages and knows personal details about me.,"online -> PLATFORM [11,17] | sexually explicit messages -> EVIDENCE [27,53]"
WSL_0274,A classmate keeps contacting my family members.,"classmate -> PERP_REL [2,11] | family members -> PERP_REL [32,46]"
WSL_0013,My supervisor makes inappropriate comments about my appearance in front of the entire team.,"supervisor -> PERP_REL [3,13] | inappropriate comments -> EVIDENCE [20,42]"
WSL_0899,My manager touched me without consent and excludes me from meetings when I object.,"manager -> PERP_REL [3,10] | touched me without consent -> EVIDENCE [11,37]"
WSL_0530,My ex-boyfriend keeps contacting my family members.,"ex-boyfriend -> PERP_REL [3,15] | family members -> PERP_REL [36,50]"
WSL_0657,My ex-boyfriend is sending me rape threats through anonymous accounts.,"ex-boyfriend -> PERP_REL [3,15] | rape threats -> EVIDENCE [30,42] | anonymous accounts -> PLATFORM [51,69]"
WSL_0797,A client insists on private one-on-one meetings.,"client -> PERP_REL [2,8]"
WSL_0618,My brother-in-law starves me for days as punishment. It happens almost every week.,"brother-in-law -> PERP_REL [3,17] | starves me for days -> EVIDENCE [18,37] | almost every week -> TIME_FREQ [64,81]"
WSL_0972,My family are trying to evict me illegally with intimidation.,"family -> PERP_REL [3,9]"
WSL_0185,A stranger online recorded me without consent and threatened to post it.,"online -> PLATFORM [11,17] | threatened to post -> EVIDENCE [50,68]"
WSL_1047,I woke up to find that someone had used my old photos to create a fake account and was messaging my relatives pretending to be me.,"relatives -> PERP_REL [100,109]"
WSL_1005,"My in-laws have been pressuring my husband to remarry because my family couldn't meet their dowry demands, and he has started beating me.","in-laws -> PERP_REL [3,10] | husband -> PERP_REL [35,42] | family -> PERP_REL [65,71]"
WSL_0953,Someone I rejected online appears at my gym at the exact same time every day.,"online -> PLATFORM [19,25] | gym -> LOCATION [40,43] | exact same time every day -> TIME_FREQ [51,76]"
WSL_0382,My physiotherapist made sexual comments about me in front of others.,"physiotherapist -> PERP_REL [3,18] | sexual comments -> EVIDENCE [24,39]"
WSL_0309,A man I matched with online is spreading false rumors about me in group chats.,"online -> PLATFORM [21,27] | false rumors about me -> EVIDENCE [41,62] | group chat -> PLATFORM [66,76]"
WSL_0954,My former colleague created a fake dating profile using my pictures.,"former colleague -> PERP_REL [3,19] | fake dating profile -> PLATFORM [30,49]"
WSL_0535,My team lead shared inappropriate content about me in the team group chat.,"team lead -> PERP_REL [3,12] | inappropriate content -> EVIDENCE [20,41] | group chat -> PLATFORM [63,73]"
WSL_0901,A man on the street tried to touch me before I managed to get away.,"street -> LOCATION [13,19] | tried to touch me -> EVIDENCE [20,37]"
WSL_0701,My manager touched my shoulder inappropriately when alone.,"manager -> PERP_REL [3,10] | touched my shoulder inappropriately -> EVIDENCE [11,46]"
WSL_0244,A relative at a family function catcalled and followed me for several blocks.,"relative -> PERP_REL [2,10] | family function -> LOCATION [16,31] | catcalled -> EVIDENCE [32,41] | for several blocks -> TIME_FREQ [58,76]"
WSL_0716,My supervisor threatened a bad review if I didn't meet him outside work.,"supervisor -> PERP_REL [3,13] | work -> LOCATION [67,71]"
WSL_0362,My physiotherapist catcalled and followed me for several blocks.,"physiotherapist -> PERP_REL [3,18] | catcalled -> EVIDENCE [19,28] | for several blocks -> TIME_FREQ [45,63]"
WSL_0003,My landlord made sexual comments about me in front of others.,"landlord -> PERP_REL [3,11] | sexual comments -> EVIDENCE [17,32]"
WSL_1043,I've started taking different routes home because a man has been consistently waiting near my usual path.,"home -> LOCATION [37,41] | consistently -> TIME_FREQ [65,77]"
WSL_0661,My relatives are threatening me over a property dispute.,"relatives -> PERP_REL [3,12]"
WSL_0894,My husband beats me over small household matters.,"husband -> PERP_REL [3,10] | beats me -> EVIDENCE [11,19] | house -> LOCATION [31,36]"
WSL_0828,My neighbor keeps contacting my family members.,"neighbor -> PERP_REL [3,11] | family members -> PERP_REL [32,46]"
WSL_0430,My stepfather restricts me from speaking to my friends. This has been going on for over a year.,"stepfather -> PERP_REL [3,13] | This has been going on for over a year -> TIME_FREQ [56,94]"
WSL_0329,A stranger at the market tried to corner me and touch me against my will.,"market -> LOCATION [18,24] | tried to corner me -> EVIDENCE [25,43]"
WSL_0524,My husband's family beats me over small household matters. This started right after our marriage.,"husband's family -> PERP_REL [3,19] | beats me -> EVIDENCE [20,28] | house -> LOCATION [40,45] | right after our marriage -> TIME_FREQ [72,96]"
WSL_0854,A senior colleague sends me inappropriate messages on our work chat.,"senior colleague -> PERP_REL [2,18] | inappropriate messages -> EVIDENCE [28,50] | work chat -> PLATFORM [58,67]"
WSL_0216,"My ex-boyfriend has been showing up at every place I go, including work.","ex-boyfriend -> PERP_REL [3,15] | every place I go, including work -> TIME_FREQ [39,71]"
WSL_0257,My brother-in-law keeps a knife in the house and threatens me with it.,"brother-in-law -> PERP_REL [3,17] | house -> LOCATION [39,44]"
WSL_0517,My tuition teacher tried to touch me before I managed to get away.,"tuition teacher -> PERP_REL [3,18] | tried to touch me -> EVIDENCE [19,36]"
WSL_0546,A man I don't know has started waiting outside my apartment building.,"apartment building -> LOCATION [50,68]"
WSL_0381,A man on the bus tried to corner me and touch me against my will.,"bus -> LOCATION [13,16] | tried to corner me -> EVIDENCE [17,35]"
WSL_0458,A relative at a family function tried to corner me and touch me against my will.,"relative -> PERP_REL [2,10] | family function -> LOCATION [16,31] | tried to corner me -> EVIDENCE [32,50]"
WSL_0248,My family are threatening me over a property dispute.,"family -> PERP_REL [3,9]"
WSL_1061,"A senior colleague has taken to finding reasons to be alone with me in the office, and I no longer feel safe working late.","senior colleague -> PERP_REL [2,18] | office -> LOCATION [75,81] | work -> LOCATION [109,113]"
WSL_0644,My husband's family refuses to let me leave the house without permission. This has been going on for over a year.,"husband's family -> PERP_REL [3,19] | house -> LOCATION [48,53] | This has been going on for over a year -> TIME_FREQ [74,112]"
WSL_0328,A man on the street forcibly kissed me without my consent.,"street -> LOCATION [13,19] | forcibly kissed me -> EVIDENCE [20,38]"
WSL_0662,My mother-in-law beats me over small household matters. This started right after our marriage.,"mother-in-law -> PERP_REL [3,16] | beats me -> EVIDENCE [17,25] | house -> LOCATION [37,42] | right after our marriage -> TIME_FREQ [69,93]"
WSL_0599,My in-laws restricts me from speaking to my friends.,"in-laws -> PERP_REL [3,10]"
WSL_0353,My mother-in-law took my salary and gives me no money. This started right after our marriage.,"mother-in-law -> PERP_REL [3,16] | took my salary -> EVIDENCE [17,31] | right after our marriage -> TIME_FREQ [68,92]"
WSL_0865,My stepfather beats me over small household matters. It happens almost every week.,"stepfather -> PERP_REL [3,13] | beats me -> EVIDENCE [14,22] | house -> LOCATION [34,39] | almost every week -> TIME_FREQ [64,81]"
WSL_0562,My husband threatens to take away my children if I complain.,"husband -> PERP_REL [3,10]"
WSL_0804,My physiotherapist kept staring and making explicit comments.,"physiotherapist -> PERP_REL [3,18] | explicit comments -> EVIDENCE [43,60]"
WSL_0678,My boss makes sexual jokes directed at me in front of the team.,"boss -> PERP_REL [3,7] | sexual jokes -> EVIDENCE [14,26]"
WSL_0308,My family forced me into an early marriage.,"family -> PERP_REL [3,9]"
WSL_0297,My ex-boyfriend sits outside my house in his car watching me.,"ex-boyfriend -> PERP_REL [3,15] | house -> LOCATION [32,37]"
WSL_1030,I was traveling alone on a train when the man in the next seat kept 'accidentally' touching me throughout the journey.,"train -> LOCATION [27,32] | throughout the journey -> TIME_FREQ [95,117]"
WSL_0981,A vendor at work keeps making comments implying I should be friendlier.,"vendor -> PERP_REL [2,8] | work -> LOCATION [12,16]"
WSL_0459,My manager threatened a bad review if I didn't meet him outside work.,"manager -> PERP_REL [3,10] | work -> LOCATION [64,68]"
WSL_0107,A man at the gym made lewd comments about my body.,"gym -> LOCATION [13,16] | lewd comments -> EVIDENCE [22,35]"
WSL_0656,A senior colleague touched me without consent and excludes me from meetings when I object.,"senior colleague -> PERP_REL [2,18] | touched me without consent -> EVIDENCE [19,45]"
WSL_0056,My mother-in-law hits me whenever he comes home drunk.,"mother-in-law -> PERP_REL [3,16] | hits me -> EVIDENCE [17,24] | home -> LOCATION [43,47]"
WSL_0366,My husband controls all my money and won't let me work. This has been going on for over a year.,"husband -> PERP_REL [3,10] | work -> LOCATION [50,54] | This has been going on for over a year -> TIME_FREQ [56,94]"
WSL_0214,A man I matched with on a dating app sits outside my house in his car watching me.,"dating app -> PLATFORM [26,36] | house -> LOCATION [53,58]"
WSL_0121,A senior executive threatened a bad review if I didn't meet him outside work.,"senior executive -> PERP_REL [2,18] | work -> LOCATION [72,76]"
WSL_0426,My in-laws starves me for days as punishment. It has gotten worse in the last few months.,"in-laws -> PERP_REL [3,10] | starves me for days -> EVIDENCE [11,30] | in the last few months -> TIME_FREQ [66,88]"
WSL_0281,A man I rejected on a matrimonial site found my home address and shows up unannounced.,"matrimonial site -> PLATFORM [22,38] | home -> LOCATION [48,52]"
WSL_0026,My relatives are threatening to harm me over a land dispute.,"relatives -> PERP_REL [3,12]"
WSL_0073,My driving instructor kept staring and making explicit comments.,"driving instructor -> PERP_REL [3,21] | explicit comments -> EVIDENCE [46,63]"
WSL_0940,A man I don't know watches my house through his window constantly.,"house -> LOCATION [30,35] | constantly -> TIME_FREQ [55,65]"
WSL_0045,A classmate left notes on my car every day for two weeks.,"classmate -> PERP_REL [2,11] | notes on my car -> EVIDENCE [17,32] | every day -> TIME_FREQ [33,42] | for two weeks -> TIME_FREQ [43,56]"
WSL_0846,My ex-boyfriend is threatening to leak our private videos.,"ex-boyfriend -> PERP_REL [3,15] | threatening to leak -> EVIDENCE [19,38] | private videos -> EVIDENCE [43,57]"
WSL_0916,My landlord kept staring and making explicit comments.,"landlord -> PERP_REL [3,11] | explicit comments -> EVIDENCE [36,53]"
WSL_0290,My husband's family hit me with a belt over a small disagreement. I am scared to go home most days now.,"husband's family -> PERP_REL [3,19] | hit me with a belt -> EVIDENCE [20,38] | home -> LOCATION [84,88] | most days -> TIME_FREQ [89,98]"
WSL_0690,My husband and his mother does not let me contact my family. It happens almost every week.,"husband -> PERP_REL [3,10] | family -> PERP_REL [53,59] | almost every week -> TIME_FREQ [72,89]"
WSL_0414,My ex-boyfriend keeps appearing uninvited wherever I mention I'll be.,"ex-boyfriend -> PERP_REL [3,15]"
WSL_0425,A rickshaw driver forced himself on me despite me saying no clearly.,"rickshaw driver -> PERP_REL [2,17] | forced himself on me -> EVIDENCE [18,38]"
WSL_1039,"I noticed the same car following me for the third time this week, and I'm becoming increasingly afraid to go out alone.","for the third time this week -> TIME_FREQ [36,64]"
WSL_0495,An anonymous account morphed my photos and circulated them in a group chat.,"morphed my photos -> EVIDENCE [21,38] | group chat -> PLATFORM [64,74]"
WSL_0747,My landlord forced himself on me despite me saying no clearly.,"landlord -> PERP_REL [3,11] | forced himself on me -> EVIDENCE [12,32]"
WSL_0505,My mother-in-law forced me to sign over my property documents. I am scared to go home most days now.,"mother-in-law -> PERP_REL [3,16] | property documents -> EVIDENCE [43,61] | home -> LOCATION [81,85] | most days -> TIME_FREQ [86,95]"
WSL_0746,A classmate sits outside my house in his car watching me.,"classmate -> PERP_REL [2,11] | house -> LOCATION [28,33]"
WSL_0372,My internship supervisor makes sexual jokes directed at me in front of the team.,"internship supervisor -> PERP_REL [3,24] | sexual jokes -> EVIDENCE [31,43]"
WSL_1076,"My family arranged a marriage without my consent, and I am being pressured with threats to comply despite my objections.","family -> PERP_REL [3,9]"
WSL_0405,A man on the bus touched my hand inappropriately during a session.,"bus -> LOCATION [13,16] | touched my hand inappropriately -> EVIDENCE [17,48]"
WSL_0061,My husband's family drags me by the hair whenever dinner is late. It has gotten worse in the last few months.,"husband's family -> PERP_REL [3,19] | in the last few months -> TIME_FREQ [86,108]"
WSL_0597,A local group are threatening honor-based violence over my marriage choice.,"local group -> PERP_REL [2,13]"
WSL_0093,My husband's family keeps demanding more dowry from my parents. It has gotten worse in the last few months.,"husband's family -> PERP_REL [3,19] | parents -> PERP_REL [55,62] | in the last few months -> TIME_FREQ [84,106]"
WSL_0881,A stranger online keeps following me everywhere I go and posted my photos without consent.,"online -> PLATFORM [11,17] | posted my photos -> EVIDENCE [57,73]"
WSL_0941,My tuition teacher catcalled and followed me for several blocks.,"tuition teacher -> PERP_REL [3,18] | catcalled -> EVIDENCE [19,28] | for several blocks -> TIME_FREQ [45,63]"
WSL_0755,My father-in-law refuses to let me leave the house without permission. It happens almost every week.,"father-in-law -> PERP_REL [3,16] | house -> LOCATION [45,50] | almost every week -> TIME_FREQ [82,99]"
WSL_0293,My brother-in-law verbally abuses me daily in front of relatives. This started right after our marriage.,"brother-in-law -> PERP_REL [3,17] | bus -> LOCATION [28,31] | daily -> TIME_FREQ [37,42] | relatives -> PERP_REL [55,64] | right after our marriage -> TIME_FREQ [79,103]"
WSL_0406,A guest at a party made sexual comments about me in front of others.,"party -> LOCATION [13,18] | sexual comments -> EVIDENCE [24,39]"
WSL_0332,A vendor at work denied me a raise after I rejected his advances.,"vendor -> PERP_REL [2,8] | work -> LOCATION [12,16]"
WSL_0183,My mother-in-law slaps me in front of the children.,"mother-in-law -> PERP_REL [3,16] | slaps me -> EVIDENCE [17,25]"
WSL_0527,A classmate keeps appearing uninvited wherever I mention I'll be.,"classmate -> PERP_REL [2,11]"
WSL_0410,My neighbor keeps messaging me obsessively despite being blocked.,"neighbor -> PERP_REL [3,11] | obsessively -> TIME_FREQ [31,42]"
WSL_0111,My husband forced me to quit my job.,"husband -> PERP_REL [3,10]"
WSL_0966,A man I matched with online is sending death threats through anonymous email.,"online -> PLATFORM [21,27] | death threats -> EVIDENCE [39,52] | anonymous email -> PLATFORM [61,76]"
WSL_0623,A stranger online tracks my location constantly and now sends me threatening messages online.,"online -> PLATFORM [11,17] | constantly -> TIME_FREQ [37,47] | threatening messages -> EVIDENCE [65,85] | online -> PLATFORM [86,92]"
WSL_0595,A man on the street groped me and disappeared into the crowd.,"street -> LOCATION [13,19] | groped me -> EVIDENCE [20,29] | crowd -> LOCATION [55,60]"
WSL_0465,My husband and his mother took my salary and gives me no money. This started right after our marriage.,"husband -> PERP_REL [3,10] | took my salary -> EVIDENCE [26,40] | right after our marriage -> TIME_FREQ [77,101]"
WSL_0998,Someone morphed my photos and circulated them in a group chat.,"morphed my photos -> EVIDENCE [8,25] | group chat -> PLATFORM [51,61]"
WSL_0859,My husband and his mother threatened to kill me if I told my parents. This has been going on for over a year.,"husband -> PERP_REL [3,10] | threatened to kill me -> EVIDENCE [26,47] | parents -> PERP_REL [61,68] | This has been going on for over a year -> TIME_FREQ [70,108]"
WSL_0262,A vendor at work hinted that my promotion depends on personal favors.,"vendor -> PERP_REL [2,8] | work -> LOCATION [12,16]"
WSL_0333,My stepfather pushes and shoves me during every argument. I am scared to go home most days now.,"stepfather -> PERP_REL [3,13] | pushes and shoves me -> EVIDENCE [14,34] | every argument -> TIME_FREQ [42,56] | home -> LOCATION [76,80] | most days -> TIME_FREQ [81,90]"
WSL_0533,A man on the bus forcibly kissed me without my consent.,"bus -> LOCATION [13,16] | forcibly kissed me -> EVIDENCE [17,35]"
WSL_0549,My relatives forced me into an early marriage.,"relatives -> PERP_REL [3,12]"
WSL_0843,My manager makes inappropriate comments about my appearance in front of the entire team.,"manager -> PERP_REL [3,10] | inappropriate comments -> EVIDENCE [17,39]"
WSL_0138,My landlord made suggestive comments while collecting money.,"landlord -> PERP_REL [3,11] | suggestive comments -> EVIDENCE [17,36]"
WSL_0579,An anonymous account sent me obscene images repeatedly despite me blocking multiple accounts.,"obscene images -> EVIDENCE [29,43] | repeatedly -> TIME_FREQ [44,54]"
WSL_0715,My partner hits me regularly and threatened to post my private photos online.,"partner -> PERP_REL [3,10] | hits me -> EVIDENCE [11,18] | regularly -> TIME_FREQ [19,28] | threatened to post -> EVIDENCE [33,51] | private photos -> EVIDENCE [55,69] | online -> PLATFORM [70,76]"
WSL_0867,A coworker keeps commenting on my appearance during meetings.,"coworker -> PERP_REL [2,10]"
WSL_0985,My stepfather keeps demanding more dowry from my parents. This started right after our marriage.,"stepfather -> PERP_REL [3,13] | parents -> PERP_REL [49,56] | right after our marriage -> TIME_FREQ [71,95]"
WSL_0965,My husband's family slaps me in front of the children. This has been going on for over a year.,"husband's family -> PERP_REL [3,19] | slaps me -> EVIDENCE [20,28] | This has been going on for over a year -> TIME_FREQ [55,93]"
WSL_0622,My supervisor cornered me in the pantry inappropriately.,"supervisor -> PERP_REL [3,13] | cornered me -> EVIDENCE [14,25] | pantry -> LOCATION [33,39]"
WSL_0030,A man on the street tried to corner me and touch me against my will.,"street -> LOCATION [13,19] | tried to corner me -> EVIDENCE [20,38]"
WSL_0166,A client makes sexual jokes directed at me in front of the team.,"client -> PERP_REL [2,8] | sexual jokes -> EVIDENCE [15,27]"
WSL_0249,My tuition teacher forcibly kissed me without my consent.,"tuition teacher -> PERP_REL [3,18] | forcibly kissed me -> EVIDENCE [19,37]"
WSL_0876,My boss keeps making comments implying I should be friendlier.,"boss -> PERP_REL [3,7]"
WSL_0355,Someone from college tracks my location constantly and now sends me threatening messages online.,"college -> LOCATION [13,20] | constantly -> TIME_FREQ [40,50] | threatening messages -> EVIDENCE [68,88] | online -> PLATFORM [89,95]"
WSL_0983,A senior executive cornered me in the pantry inappropriately.,"senior executive -> PERP_REL [2,18] | cornered me -> EVIDENCE [19,30] | pantry -> LOCATION [38,44]"
WSL_0738,A man I rejected on a matrimonial site follows my car every day on my commute.,"matrimonial site -> PLATFORM [22,38] | every day -> TIME_FREQ [54,63]"
WSL_0433,A man from my building follows my car every day on my commute.,"building -> LOCATION [14,22] | every day -> TIME_FREQ [38,47]"
WSL_0757,My manager keeps making sexual jokes and excludes me from meetings when I object.,"manager -> PERP_REL [3,10] | sexual jokes -> EVIDENCE [24,36]"
WSL_0650,My husband and his mother controls all my money and won't let me work. This has been going on for over a year.,"husband -> PERP_REL [3,10] | work -> LOCATION [65,69] | This has been going on for over a year -> TIME_FREQ [71,109]"
WSL_0709,A man from my building tracks my location through mutual friends.,"building -> LOCATION [14,22]"
WSL_0066,My ex-boyfriend is threatening to leak my chats unless I pay money.,"ex-boyfriend -> PERP_REL [3,15] | threatening to leak -> EVIDENCE [19,38] | chats -> PLATFORM [42,47]"
WSL_0884,My husband and his mother humiliates me in front of guests every time they visit. It has gotten worse in the last few months.,"husband -> PERP_REL [3,10] | every time -> TIME_FREQ [59,69] | in the last few months -> TIME_FREQ [102,124]"
WSL_0955,A man I matched with on a dating app waits outside my house every morning.,"dating app -> PLATFORM [26,36] | house -> LOCATION [54,59] | every morning -> TIME_FREQ [60,73]"
WSL_0993,My husband locked me inside the house for days. It happens almost every week.,"husband -> PERP_REL [3,10] | locked me inside the house -> EVIDENCE [11,37] | for days -> TIME_FREQ [38,46] | almost every week -> TIME_FREQ [59,76]"
WSL_0255,My team lead keeps making sexual jokes in front of the entire team.,"team lead -> PERP_REL [3,12] | sexual jokes -> EVIDENCE [26,38]"
WSL_0772,My father-in-law grabbed me by the hair and hit my head against the wall. I am scared to go home most days now.,"father-in-law -> PERP_REL [3,16] | grabbed me by the hair -> EVIDENCE [17,39] | hit my head against the wall -> EVIDENCE [44,72] | home -> LOCATION [92,96] | most days -> TIME_FREQ [97,106]"
WSL_0313,My in-laws pushes and shoves me during every argument. I am scared to go home most days now.,"in-laws -> PERP_REL [3,10] | pushes and shoves me -> EVIDENCE [11,31] | every argument -> TIME_FREQ [39,53] | home -> LOCATION [73,77] | most days -> TIME_FREQ [78,87]"
WSL_0449,My supervisor excludes me from meetings since I rejected his advances.,"supervisor -> PERP_REL [3,13]"
WSL_0222,My team lead touched me without consent and threatens my job when I complain.,"team lead -> PERP_REL [3,12] | touched me without consent -> EVIDENCE [13,39]"
WSL_0236,My neighbor made suggestive comments while collecting money.,"neighbor -> PERP_REL [3,11] | suggestive comments -> EVIDENCE [17,36]"
WSL_0571,A man I rejected is posting fake defamatory comments about me publicly.,"fake defamatory comments -> EVIDENCE [28,52]"
WSL_0585,A former colleague has started waiting outside my apartment building.,"former colleague -> PERP_REL [2,18] | apartment building -> LOCATION [50,68]"
WSL_0306,A man I rejected on a matrimonial site keeps calling me from different numbers.,"matrimonial site -> PLATFORM [22,38]"
WSL_0785,My supervisor keeps making sexual jokes and excludes me from meetings when I object.,"supervisor -> PERP_REL [3,13] | sexual jokes -> EVIDENCE [27,39]"
WSL_0631,My manager cornered me in the pantry inappropriately.,"manager -> PERP_REL [3,10] | cornered me -> EVIDENCE [11,22] | pantry -> LOCATION [30,36]"
WSL_1033,"I confronted a man who was staring inappropriately at me in a cafe, and he responded by following me outside.",NONE
WSL_0250,My physiotherapist groped me and disappeared into the crowd.,"physiotherapist -> PERP_REL [3,18] | groped me -> EVIDENCE [19,28] | crowd -> LOCATION [54,59]"
WSL_0957,My brother-in-law beats me over small household matters. It happens almost every week.,"brother-in-law -> PERP_REL [3,17] | beats me -> EVIDENCE [18,26] | house -> LOCATION [38,43] | almost every week -> TIME_FREQ [68,85]"
WSL_0883,My father-in-law drags me by the hair whenever dinner is late.,"father-in-law -> PERP_REL [3,16]"
WSL_0072,My brother-in-law slaps me in front of the children. I am scared to go home most days now.,"brother-in-law -> PERP_REL [3,17] | slaps me -> EVIDENCE [18,26] | home -> LOCATION [71,75] | most days -> TIME_FREQ [76,85]"
WSL_0095,My landlord's men are threatening honor-based violence over my marriage choice.,"landlord -> PERP_REL [3,11]"
WSL_0034,My team lead touched my shoulder inappropriately when alone.,"team lead -> PERP_REL [3,12] | touched my shoulder inappropriately -> EVIDENCE [13,48]"
WSL_0695,A delivery man made lewd comments about my body.,"delivery man -> PERP_REL [2,14] | lewd comments -> EVIDENCE [20,33]"
WSL_0260,My stepfather humiliates me in front of guests every time they visit. It has gotten worse in the last few months.,"stepfather -> PERP_REL [3,13] | every time -> TIME_FREQ [47,57] | in the last few months -> TIME_FREQ [90,112]"
WSL_0205,My husband does not let me contact my family. It has gotten worse in the last few months.,"husband -> PERP_REL [3,10] | family -> PERP_REL [38,44] | in the last few months -> TIME_FREQ [66,88]"
WSL_0441,An anonymous account sends me sexually explicit messages and also threatened to find where I live.,"sexually explicit messages -> EVIDENCE [30,56] | threatened to find where I live -> EVIDENCE [66,97]"
WSL_0668,My ex-partner leaked my private photos online.,"ex-partner -> PERP_REL [3,13] | leaked my private photos -> EVIDENCE [14,38] | online -> PLATFORM [39,45]"
WSL_0742,A vendor at work made inappropriate physical contact during training.,"vendor -> PERP_REL [2,8] | work -> LOCATION [12,16] | made inappropriate physical contact -> EVIDENCE [17,52] | train -> LOCATION [60,65]"
WSL_0078,A senior colleague cornered me in the pantry inappropriately.,"senior colleague -> PERP_REL [2,18] | cornered me -> EVIDENCE [19,30] | pantry -> LOCATION [38,44]"
WSL_0085,A classmate has been parking outside my workplace every evening.,"classmate -> PERP_REL [2,11] | workplace -> LOCATION [40,49] | every evening -> TIME_FREQ [50,63]"
WSL_0391,An anonymous account sent me obscene images repeatedly and knows personal details about me.,"obscene images -> EVIDENCE [29,43] | repeatedly -> TIME_FREQ [44,54]"
WSL_0083,My physiotherapist made suggestive comments while collecting money.,"physiotherapist -> PERP_REL [3,18] | suggestive comments -> EVIDENCE [24,43]"
WSL_0589,My brother-in-law controls all my money and won't let me work.,"brother-in-law -> PERP_REL [3,17] | work -> LOCATION [57,61]"
WSL_0591,"A former colleague has been showing up at every place I go, including work.","former colleague -> PERP_REL [2,18] | every place I go, including work -> TIME_FREQ [42,74]"
WSL_0781,A coworker excludes me from meetings since I rejected his advances.,"coworker -> PERP_REL [2,10]"
WSL_0602,My family are threatening honor-based violence over my marriage choice.,"family -> PERP_REL [3,9]"
WSL_0848,My in-laws threatens to throw me out of the house. This has been going on for over a year.,"in-laws -> PERP_REL [3,10] | house -> LOCATION [44,49] | This has been going on for over a year -> TIME_FREQ [51,89]"
WSL_0519,My in-laws drags me by the hair whenever dinner is late. It happens almost every week.,"in-laws -> PERP_REL [3,10] | almost every week -> TIME_FREQ [68,85]"
WSL_0588,My physiotherapist made lewd comments about my body.,"physiotherapist -> PERP_REL [3,18] | lewd comments -> EVIDENCE [24,37]"
WSL_0006,My boss made inappropriate physical contact during training.,"boss -> PERP_REL [3,7] | made inappropriate physical contact -> EVIDENCE [8,43] | train -> LOCATION [51,56]"
WSL_0311,An anonymous account is sending death threats through anonymous email.,"death threats -> EVIDENCE [32,45] | anonymous email -> PLATFORM [54,69]"
WSL_0532,A coworker threatened a bad review if I didn't meet him outside work.,"coworker -> PERP_REL [2,10] | work -> LOCATION [64,68]"
WSL_0105,My supervisor keeps making sexual jokes and threatens my job when I complain.,"supervisor -> PERP_REL [3,13] | sexual jokes -> EVIDENCE [27,39]"
WSL_0098,A man I matched with on a dating app tracks my location through mutual friends.,"dating app -> PLATFORM [26,36]"
WSL_0939,My landlord's men ostracized my family after I filed a complaint.,"landlord -> PERP_REL [3,11] | family -> PERP_REL [32,38]"
WSL_0502,A man at the gym tried to touch me before I managed to get away.,"gym -> LOCATION [13,16] | tried to touch me -> EVIDENCE [17,34]"
WSL_0315,A senior at college exposed himself to me in public.,"college -> LOCATION [12,19] | exposed himself -> EVIDENCE [20,35]"
WSL_0491,My driving instructor tried to touch me before I managed to get away.,"driving instructor -> PERP_REL [3,21] | tried to touch me -> EVIDENCE [22,39]"
WSL_0984,A man I rejected keeps following me everywhere I go and posted my photos without consent.,"posted my photos -> EVIDENCE [56,72]"
WSL_1001,I have been married for three years and my husband beats me almost every time he loses his temper.,"husband -> PERP_REL [43,50] | beats me -> EVIDENCE [51,59] | every time -> TIME_FREQ [67,77]"
WSL_0282,My brother-in-law broke my arm last year during a fight. This has been going on for over a year.,"brother-in-law -> PERP_REL [3,17] | broke my arm -> EVIDENCE [18,30] | last year -> TIME_FREQ [31,40] | This has been going on for over a year -> TIME_FREQ [57,95]"
WSL_1029,A man followed me into a quiet street after I left a shop and tried to grab my arm before I ran away.,"street -> LOCATION [31,37] | shop -> LOCATION [53,57] | tried to grab my arm -> EVIDENCE [62,82]"
WSL_0267,A former colleague keeps contacting my family members.,"former colleague -> PERP_REL [2,18] | family members -> PERP_REL [39,53]"
WSL_0544,My internship supervisor keeps asking me to stay back late alone with him.,"internship supervisor -> PERP_REL [3,24]"
WSL_0239,A man I rejected on a matrimonial site has started waiting outside my apartment building.,"matrimonial site -> PLATFORM [22,38] | apartment building -> LOCATION [70,88]"
WSL_0412,A senior colleague keeps making sexual jokes and threatens my job when I complain.,"senior colleague -> PERP_REL [2,18] | sexual jokes -> EVIDENCE [32,44]"
WSL_0146,My ex-boyfriend morphed my photos and circulated them in a group chat.,"ex-boyfriend -> PERP_REL [3,15] | morphed my photos -> EVIDENCE [16,33] | group chat -> PLATFORM [59,69]"
WSL_1009,"Whenever my husband drinks, which is almost daily now, he becomes violent and I never know what will set him off.","husband -> PERP_REL [12,19] | almost daily -> TIME_FREQ [37,49]"
WSL_0605,A man I rejected waits outside my house daily and now sends me threatening messages online.,"house -> LOCATION [34,39] | daily -> TIME_FREQ [40,45] | threatening messages -> EVIDENCE [63,83] | online -> PLATFORM [84,90]"
WSL_0119,My husband physically abuses me and leaked intimate photos to my family.,"husband -> PERP_REL [3,10] | physically abuses me -> EVIDENCE [11,31] | family -> PERP_REL [65,71]"
WSL_1019,My in-laws took away my phone six months ago and I have had no way to contact my parents since.,"in-laws -> PERP_REL [3,10] | took away my phone -> EVIDENCE [11,29] | six months ago -> TIME_FREQ [30,44] | parents -> PERP_REL [81,88]"
WSL_0567,A man I rejected tracks my location constantly and now sends me threatening messages online.,"constantly -> TIME_FREQ [36,46] | threatening messages -> EVIDENCE [64,84] | online -> PLATFORM [85,91]"
WSL_0251,My ex-boyfriend created a fake profile using my photos to message my friends.,"ex-boyfriend -> PERP_REL [3,15] | fake profile -> PLATFORM [26,38] | message -> PLATFORM [58,65]"
WSL_1083,My stalker has escalated from just following me to now creating fake social media accounts to keep tabs on my activities.,"stalker -> PERP_REL [3,10] | social media accounts -> PLATFORM [69,90]"
WSL_0286,A man at the gym tried to start inappropriate conversations repeatedly.,"gym -> LOCATION [13,16] | repeatedly -> TIME_FREQ [60,70]"
WSL_0450,My in-laws forced me to quit my job. It has gotten worse in the last few months.,"in-laws -> PERP_REL [3,10] | in the last few months -> TIME_FREQ [57,79]"
WSL_0010,My brother-in-law humiliates me in front of guests every time they visit. I am scared to go home most days now.,"brother-in-law -> PERP_REL [3,17] | every time -> TIME_FREQ [51,61] | home -> LOCATION [92,96] | most days -> TIME_FREQ [97,106]"
WSL_0845,A client made inappropriate physical contact during training.,"client -> PERP_REL [2,8] | made inappropriate physical contact -> EVIDENCE [9,44] | train -> LOCATION [52,57]"
WSL_0197,My internship supervisor keeps commenting on my appearance during meetings.,"internship supervisor -> PERP_REL [3,24]"
WSL_0704,My former colleague is spreading false rumors about me in group chats.,"former colleague -> PERP_REL [3,19] | false rumors about me -> EVIDENCE [33,54] | group chat -> PLATFORM [58,68]"
WSL_0371,A man I rejected on a matrimonial site appears at my gym at the exact same time every day.,"matrimonial site -> PLATFORM [22,38] | gym -> LOCATION [53,56] | exact same time every day -> TIME_FREQ [64,89]"
WSL_0082,Someone from college is threatening to leak my chats unless I pay money.,"college -> LOCATION [13,20] | threatening to leak -> EVIDENCE [24,43] | chats -> PLATFORM [47,52]"
WSL_0891,A stranger online waits outside my house daily and posted my photos without consent.,"online -> PLATFORM [11,17] | house -> LOCATION [35,40] | daily -> TIME_FREQ [41,46] | posted my photos -> EVIDENCE [51,67]"
WSL_0573,My boss touched my shoulder inappropriately when alone.,"boss -> PERP_REL [3,7] | touched my shoulder inappropriately -> EVIDENCE [8,43]"
WSL_0721,An anonymous account is threatening to leak our private videos.,"threatening to leak -> EVIDENCE [24,43] | private videos -> EVIDENCE [48,62]"
WSL_0240,A rickshaw driver made sexual comments about me in front of others.,"rickshaw driver -> PERP_REL [2,17] | sexual comments -> EVIDENCE [23,38]"
WSL_0531,My mother-in-law humiliates me in front of guests every time they visit. This has been going on for over a year.,"mother-in-law -> PERP_REL [3,16] | every time -> TIME_FREQ [50,60] | This has been going on for over a year -> TIME_FREQ [73,111]"
WSL_0212,My husband's family throws things at me during arguments. It has gotten worse in the last few months.,"husband's family -> PERP_REL [3,19] | throws things at me -> EVIDENCE [20,39] | in the last few months -> TIME_FREQ [78,100]"
WSL_1038,"Ever since I turned down his proposal, this man has been parking outside my house every single evening.","house -> LOCATION [76,81] | every single evening -> TIME_FREQ [82,102]"
WSL_0949,A senior colleague keeps making sexual jokes and excludes me from meetings when I object.,"senior colleague -> PERP_REL [2,18] | sexual jokes -> EVIDENCE [32,44]"
WSL_0559,A rickshaw driver groped me and disappeared into the crowd.,"rickshaw driver -> PERP_REL [2,17] | groped me -> EVIDENCE [18,27] | crowd -> LOCATION [53,58]"
WSL_0228,My family sent moneylenders to threaten me for repayment.,"family -> PERP_REL [3,9] | moneylenders -> PERP_REL [15,27]"
WSL_0989,A man on the street made sexual comments about me in front of others.,"street -> LOCATION [13,19] | sexual comments -> EVIDENCE [25,40]"
WSL_0603,My physiotherapist forcibly kissed me without my consent.,"physiotherapist -> PERP_REL [3,18] | forcibly kissed me -> EVIDENCE [19,37]"
WSL_0466,An anonymous account created a fake dating profile using my pictures.,"fake dating profile -> PLATFORM [31,50]"
WSL_0919,My team lead makes inappropriate comments about my appearance and threatens my job when I complain.,"team lead -> PERP_REL [3,12] | inappropriate comments -> EVIDENCE [19,41]"
WSL_0178,An anonymous account sent me obscene images repeatedly and also threatened to find where I live.,"obscene images -> EVIDENCE [29,43] | repeatedly -> TIME_FREQ [44,54] | threatened to find where I live -> EVIDENCE [64,95]"
WSL_1051,I recently discovered that a man I rejected has been posting my photos on adult content forums without my knowledge.,"recently -> TIME_FREQ [2,10] | posting my photos -> EVIDENCE [53,70] | adult content forums -> PLATFORM [74,94]"
WSL_0629,My partner controls my finances and beats me and threatened to post my private photos online.,"partner -> PERP_REL [3,10] | beats me -> EVIDENCE [36,44] | threatened to post -> EVIDENCE [49,67] | private photos -> EVIDENCE [71,85] | online -> PLATFORM [86,92]"
